<snapshot>
  <configuration>
    <data xmlns="urn:ietf:params:xml:ns:netconf:base:1.0">
      <modules xmlns="urn:opendaylight:params:xml:ns:yang:controller:config">
        <module>
          <type xmlns:alto-simple="urn:opendaylight:alto:simple-impl">
            alto-simple:simple-alto-adsal-impl
          </type>
          <name>simple-alto-adsal-impl</name>

          <data-broker>
            <type xmlns:binding="urn:opendaylight:params:xml:ns:yang:controller:md:sal:binding">
              binding:binding-async-data-broker
            </type>
            <name>binding-data-broker</name>
          </data-broker>
        </module>
      </modules>
    </data>
  </configuration>

  <required-capabilities>
    <capability>urn:opendaylight:alto:simple-impl?module=simple-alto-adsal-impl&amp;revision=2015-05-12</capability>
  </required-capabilities>
</snapshot>
