<?xml version="1.0" encoding="UTF-8"?>
<!--
Copyright (c) 2015 Yale University

This program and the accompanying materials are made available under the
terms of the Eclipse Public License v1.0 which accompanies this distribution,
and is available at http://www.eclipse.org/legal/epl-v10.html
-->
<features name="odl-alto-${project.version}" xmlns="http://karaf.apache.org/xmlns/features/v1.2.0"
  xmlns:xsi="http://www.w3.org/2001/XMLSchema-instance"
  xsi:schemaLocation="http://karaf.apache.org/xmlns/features/v1.2.0 http://karaf.apache.org/xmlns/features/v1.2.0">
  <repository>mvn:org.opendaylight.yangtools/features-yangtools/${yangtools.version}/xml/features</repository>
  <repository>mvn:org.opendaylight.controller/features-adsal/${sal.version}/xml/features</repository>
  <repository>mvn:org.opendaylight.controller/features-mdsal/${mdsal.version}/xml/features</repository>
  <repository>mvn:org.opendaylight.controller/features-restconf/${mdsal.version}/xml/features</repository>
  <repository>mvn:org.opendaylight.controller/features-base/${odl.version}/xml/features</repository>
  <repository>mvn:org.opendaylight.l2switch/features-l2switch/${l2switch.version}/xml/features</repository>

  <feature name='odl-alto-all' version='${project.version}' description='OpenDaylight :: alto :: All '>
    <feature>odl-restconf-all</feature>
    <feature version='${project.version}'>odl-alto-provider</feature>
    <feature version='${project.version}'>odl-alto-manager</feature>
    <feature version='${project.version}'>odl-alto-hosttracker</feature>
    <feature version='${project.version}'>odl-alto-northbound</feature>
  </feature>

  <feature name='odl-alto-model' version='${project.version}' description='OpenDaylight :: alto :: Model '>
    <feature version='${yangtools.version}'>odl-yangtools-models</feature>
    <feature version='${yangtools.version}'>odl-yangtools-binding</feature>
    <bundle>mvn:org.opendaylight.alto/alto-model/${project.version}</bundle>
  </feature>

  <feature name='odl-alto-commons' version='${project.version}' description='OpenDaylight :: alto :: utils'>
    <feature version='${project.version}'>odl-alto-model</feature>
    <feature version='${jackson.version}'>odl-base-jackson</feature>
    <feature version='7.0.53'>odl-base-tomcat</feature>
    <bundle>mvn:org.opendaylight.alto/alto-commons/${project.version}</bundle>
  </feature>

  <feature name='odl-alto-provider' version='${project.version}' description='OpenDaylight :: alto :: Provider'>
    <feature version='${project.version}'>odl-alto-model</feature>
    <feature version='${mdsal.version}'>odl-mdsal-broker</feature>
    <feature version='${l2switch.version}'>odl-l2switch-hosttracker</feature>
    <feature version='${l2switch.version}'>odl-l2switch-addresstracker</feature>
    <configfile finalname="${configfile.directory}/03-alto.xml">mvn:org.opendaylight.alto/alto-config/${project.version}/xml/config</configfile>
    <bundle>mvn:org.opendaylight.alto/alto-provider/${project.version}</bundle>
  </feature>

  <feature name='odl-alto-hosttracker' version='${project.version}' description='OpenDaylight :: alto :: Hosttracker'>
    <feature version='${project.version}'>odl-alto-model</feature>
    <feature version='${mdsal.version}'>odl-mdsal-broker</feature>
    <feature version='${l2switch.version}'>odl-l2switch-hosttracker</feature>
    <feature version='${l2switch.version}'>odl-l2switch-addresstracker</feature>
    <configfile finalname="etc/opendaylight/karaf/59-altohosttracker.xml">mvn:org.opendaylight.alto.alto-hosttracker/alto-hosttracker-config/${project.version}/xml/config</configfile>
    <bundle>mvn:org.opendaylight.alto.alto-hosttracker/alto-hosttracker-impl/${project.version}</bundle>
    <bundle>mvn:org.opendaylight.alto.alto-hosttracker/alto-hosttracker-model/${project.version}</bundle>
  </feature>

  <feature name='odl-alto-manager' version='${project.version}' description='OpenDaylight :: alto :: Provider'>
    <feature version='${project.version}'>odl-alto-commons</feature>
    <bundle>mvn:org.apache.httpcomponents/httpclient-osgi/${httpclient.version}</bundle>
    <bundle>mvn:org.apache.httpcomponents/httpcore-osgi/${httpclient.version}</bundle>
    <bundle>mvn:org.opendaylight.alto/alto-manager/${project.version}</bundle>
  </feature>

  <feature name='odl-alto-services' version='${project.version}' description='OpenDaylight :: alto :: Services'>
    <feature version='${project.version}'>odl-alto-commons</feature>
    <feature version='${mdsal.version}'>odl-mdsal-common</feature>
    <feature version='${mdsal.version}'>odl-mdsal-broker</feature>
    <feature version='${jackson.version}'>odl-base-jackson</feature>
    <feature version='${project.version}'>odl-alto-commons</feature>
    <!-- bundle no longer exists
    <bundle>mvn:org.opendaylight.alto/alto-services/${project.version}</bundle>
    -->
  </feature>

  <feature name='odl-alto-simple' version='${project.version}' description='OpenDaylight :: alto :: Simple'>
    <feature version='${project.version}'>odl-alto-commons</feature>
    <feature version='${mdsal.version}'>odl-mdsal-common</feature>
    <feature version='${mdsal.version}'>odl-mdsal-broker</feature>
    <feature version='${sal.version}'>odl-adsal-core</feature>
    <bundle>mvn:org.opendaylight.alto/service-api-rfc7285/${project.version}</bundle>
    <configfile finalname='${configfile.directory}/alto-simple.xml'>mvn:org.opendaylight.alto/simple-impl/${project.version}/xml/config</configfile>
    <bundle>mvn:org.opendaylight.alto/simple-impl/${project.version}</bundle>
  </feature>

  <feature name='odl-alto-northbound' version='${project.version}' description='Opendaylight :: alto :: Northbound'>
    <feature version='${jersey.version}'>odl-base-jersey</feature>
    <feature>war</feature>
    <feature version='${project.version}'>odl-alto-commons</feature>
    <feature version='${project.version}'>odl-alto-simple</feature>
    <bundle>mvn:org.opendaylight.alto/alto-northbound/${project.version}</bundle>
  </feature>

  <feature name='odl-alto-integration-test' version='${project.version}' description='Opendaylight :: alto :: IntegrationTest'>
    <feature version='${project.version}'>odl-alto-all</feature>
  </feature>
</features>
