<?xml version="1.0" encoding="UTF-8"?>
<!-- vi: set et smarttab sw=4 tabstop=4: -->
<!--
 Copyright (c) 2014 Cisco Systems, Inc. and others.  All rights reserved.

 This program and the accompanying materials are made available under the
 terms of the Eclipse Public License v1.0 which accompanies this distribution,
 and is available at http://www.eclipse.org/legal/epl-v10.html
-->
<snapshot>
    <configuration>
        <data xmlns="urn:ietf:params:xml:ns:netconf:base:1.0">
            <modules xmlns="urn:opendaylight:params:xml:ns:yang:controller:config">
                <module>
                    <type xmlns:prefix="urn:opendaylight:alto:alto-host-tracker-impl">
                        prefix:alto-host-tracker-impl
                    </type>
                    <name>alto-host-tracker-impl</name>

                    <topology-id>flow:1</topology-id>
                    <data-broker>
                        <type xmlns:binding="urn:opendaylight:params:xml:ns:yang:controller:md:sal:binding">binding:binding-async-data-broker</type>
                        <name>binding-data-broker</name>
                    </data-broker>
                </module>
            </modules>
        </data>
    </configuration>

    <required-capabilities>
        <capability>urn:opendaylight:alto:alto-host-tracker-impl?module=alto-host-tracker-impl&amp;revision=2014-05-28</capability>
    </required-capabilities>
</snapshot>
