<?xml version="1.0" encoding="UTF-8"?>
<snapshot>
    <configuration>
        <data xmlns="urn:ietf:params:xml:ns:netconf:base:1.0">
            <modules xmlns="urn:opendaylight:params:xml:ns:yang:controller:config">
                <module>
                    <type xmlns:alto="urn:opendaylight:params:xml:ns:yang:controller:config:alto-provider:impl">
                       alto:alto-provider-impl
                    </type>
                    <name>alto-provider-impl</name>

                    <rpc-registry>
                        <type xmlns:binding="urn:opendaylight:params:xml:ns:yang:controller:md:sal:binding">binding:binding-rpc-registry</type>
                        <name>binding-rpc-broker</name>
                    </rpc-registry>

                    <data-broker>
                        <type xmlns:binding="urn:opendaylight:params:xml:ns:yang:controller:md:sal:binding">binding:binding-async-data-broker</type>
                        <name>binding-data-broker</name>
                    </data-broker>
                </module>
            </modules>
        </data>

    </configuration>

    <required-capabilities>
        <capability>urn:opendaylight:params:xml:ns:yang:controller:config:alto-provider:impl?module=alto-provider-impl&amp;revision=2014-11-19</capability>
    </required-capabilities>

</snapshot>

